category1,category2,bmId,name,description,homepage,company anniversary,investmentGoal,funding stages,valuationCap,Fully Diluted Shares,discount rate,revenue,capital,minimum_investment_amount,price per share,image url,reward,risk,shortPitchURL,address
53,,1,이스트엔드,패션∙의류 분야의 로즐리 가 주요 제품/서비스,http://eastend.co.kr,2016.8.25,12000000000,Seed,12000000000,12000000,0.15,15000000000,1200000000,10000000,1000,,ST,60,https://youtu.be/iTlFCPrLki8?si=3dU2srkgp0nhHFaE,"서울 성동구 뚝섬로1길 63 (성수동1가, 영창디지털타워) 지하2층 B202호"
1,9,2,매스프레소,"AI 기반 수학 학습콘텐츠 플랫폼 '콴다', 비대면 1:1 과외 서비스 '콴다과외', 맞춤형 학습관리 솔루션 '콴다수학코치', 개인화된 시험 자료 생성 서비스 'Cramify' 등을 운영하는 기업",mathpresso.com,2015.6.3,15275000000,Series C,1.53E+11,51000000,0.2,135500000,14900000,7500000,3000,,ST,12,https://youtu.be/t0VUUN5gK-w?si=Dw9F5ZGAjXdM9Krf,서울 강남구 선릉로 428 위워크 선릉 3호점 17층
31,48,3,오피지지,전세계 유저들에게 전에 없던 최고의 게임 플레이 경험을 제공하는글로벌 게임 서비스 플랫폼,http://www.op.gg,2015.2.23,10500000000,Series A,1.05E+11,30000000,0.1,11400000000,336700000,5000000,3500,,ST,25,https://www.youtube.com/watch?v=xc5QdYmLioI,서울 강남구 테헤란로 507
56,59,4,우천,우천은 환경친화적이며 녹색성장에 기여하는 RMC 제조공법을 통해 축산폐기물인 우분을 미래원천소재로 사용할 수 있게 만듭니다,http://woocheon.com/,,5000000000,Seed,50000000000,25000000,0.15,6800000000,500000000,3000000,2000,,ST,70,https://youtu.be/JIohBLr5ZTA?si=7vaNiIxd7uJNZqUo,"서울특별시 성동구 왕십리로 222, 퓨전테크센터 918호"
44,56,5,아토플렉스,분자면역진단 기반의 체외진단용 의료기기를 연구/개발,http://www.attoplex.co.kr,2019.1.16,10000000000,Series B,10000000000,10000000,0.2,680000000,155880000,5000000,10000,,ST,18,https://youtu.be/XkyPTXtRozI?si=XB8xuH2msQRG55_O,
27,46,6,등자,축이동페달과 다양한 클릿 페달 제품은 자전거 애호가들에게 큰 도움이 될 것,http://k-dnja.com/,2019.9.11,3000000000,Seed,3000000000,20000000,0.1,1500000000,200000000,2000000,1500,,ST,33,https://youtu.be/xmRUIcrBGKM?si=N2FJ0iB8eWhfuEJ2,경기도 하남시 미사강변한강로 135
51,58,7,설랩,유황온천수 기반 스킨케어,https://www.sullab.co.kr/,2019.8.30,300000000,Seed,3000000000,60000000,0.15,798590000,500000000,1000000,500,,ST,57,https://youtu.be/ecEBSH6xcOQ?si=1Yn7s5JdZZosM27m,경기 양평군 개군면 공서울길 43-22
45,58,8,엠엘피,"장애인 및 거동이 불편한 노인을 위한 욕창예방방석과 휴대용 경사로 등을 제작하는 제조업체, 휠체어 장애인 대상 맞춤형 자세교정 시트를 제조하는 기업, 의학 및 약학 연구개발업",https://yonseimlp.imweb.me/,,6432100000,Seed,6000000000,60000000,0.2,643210000,100000000,1000000,1000,,ST,51,https://youtu.be/rd6wKsg0wXE?si=hD5i-QsNmVt_O5gc,강원 원주시 지정면 기업도시로 200
54,6,9,아큐랩,사물인터넷 기반 반려동물 맞춤형 다이어트 솔루션,http://www.myhodoo.com,2015.7.16,11000000000,Series A,11000000000,100000000,0.15,1100000000,55971000,5000000,1100,,ST,39,https://www.youtube.com/watch?v=cBYhn4xEU0c,대전 서구 만년로68번길 15-20
44,1,10,에이유,레이더(자동차) 센서를 개발하는 기업,https://au-sensor.com/en/,2019.3.6,17100000000,Series A,17100000000,17100000,0.2,559710000,33155000,10000000,10000,,ST,25,https://www.youtube.com/watch?v=N3qkNKYtYWg,"대전 유성구 대학로 229, 301호"
51,45,11,에이르랩,“스파에이르”에서 수입화장품의 효능과 기능성을 대체할 수 있는 국산 화장품 개발,http://eirlab.com,2016.12.14,17000000000,Series A,17000000000,14166666.67,0.15,1710000000,3315500,15000000,12000,,ST,22,https://www.youtube.com/watch?v=wRW4XUuB8c8,"서울 서대문구 북아현로 150 (신촌동, 산학협력관) 253"
13,,12,리아,"기타 기술 시험, 검사 및 분석업",,,7120000000,Seed,7000000000,40000000,0.2,712000000,50000000,1000000,750,,ST,72,https://www.youtube.com/watch?v=WzbOd9pdaT4,"서울 송파구 중대로 207, 2층 201호 에이218"
1,56,13,유니아이,"AI 기반 양계 스마트팜 솔루션 및 우울증 예측, 진단 솔루션을 제공하는 기업",,2021.1.19,8000000000,Seed,8000000000,93333333.33,0.15,800000000,160000000,2500000,2000,,ST,54,https://www.youtube.com/watch?v=h6eOW38ybXY,"대전 유성구 대덕대로 593, 지하1층 7호"
40,51,14,코코리색채연구소,"나를 위한 컬러, 글로벌K-컬러, 퍼스널컬러의 표준화!",https://www.cocory.kr/,2018.7.1,500000000,Seed,5000000000,58333333.33,0.2,870000000,116000000,1500000,1500,,ST,51,https://www.youtube.com/watch?v=7kUxENBGkr0,서울특별시 서대문구 연희로 193-3 코코리색채연구소
11,2,15,마이띵스,스마트팜 통합 플랫폼을 개발하는 기업,www.mythings.co.kr,2019.9.30,7006000000,Seed,7000000000,56000000,0.15,700600000,142600000,2000000,1200,,ST,49,https://www.youtube.com/watch?v=sj9nDcrDZJ8,"대전 유성구 어은로51번길 44, B1"
2,1,16,이노복스,"이노복스는 10년 넘게 연구해온 기술력과 완벽함을 담은 성분, 
최상의 배합 노하우로 자연치화적인 제품을 제시합니다.",https://www.innovox.co.kr/,2024.2.19,14000000000,Pre-Seed Stage,14000000000,20000000,0.2,1399900000,101960000,2500000,2500,,ST,80,https://www.youtube.com/watch?v=ufxEniOlcCg,경기 성남시 중원구 사기막골로62번길 37
49,1,17,필상,"인공지능으로 사회적 문제를 해결, 실시간 최신 검색 데이터 바탕 분석",https://pillsang.com/,,2000000000,Series A,2000000000,386400000,0.25,200000000,100000000,1000000,1000,,ST,33,https://www.youtube.com/watch?v=dfOc6T7HMXY,"대전 유성구 대덕대로 593, 스페이스에스 지하1층 9호"
2,,18,솔리드이엔지,3DPLM & Total ICT 분야의 선도 기업,https://www.solideng.co.kr/,2003.7.28,38640000000,Seed,38640000000,10666666.67,0.1,3864000000,1000000000,5000000,1000,,ST,41,https://www.youtube.com/watch?v=gorW4T06MmA,"대전 서구 둔산로51번길 16, 4층"
1,40,19,오믈렛,생성형 AI 기반 의사 결정 자동화 솔루션,https://omelet.ai/,2023.4.13,1600000000,Seed,1600000000,1066666.667,0.15,160000000,110900000,500000,1500,,ST,75,https://www.youtube.com/watch?v=RGBgzd7NgMQ,대전광역시 유성구 문지로 193
2,1,20,에코마린,지도기반의 선박위치정보 솔루션,https://www.oceanlook.net/,2016.2.12,1100000000,Series A,3000000000,1000000,0.2,,,5000000,2999.8,,ST,34,https://www.youtube.com/watch?v=UdY32H0AuV0&list=PLCZkaon_J_AayU3wkqaVbBRV48gIcUAED&index=3,
14,44,21,아이큐브스,"골전도 청력보조장치 및 특수용 음향기기를 개발 및 생산, 판매하는 회사",,,7006000000,Series A,2500000000,1000000,0.15,187600000,,5000000,2499.85,,ST,32,https://www.youtube.com/watch?v=00otUGua6OQ&list=PLCZkaon_J_AayU3wkqaVbBRV48gIcUAED&index=10,경기 안양시 동안구 흥안대로427번길 57-2
45,52,22,닉스,수면 종합 케어 시스템,,,14000000000,Seed,1400000000,1000000,0.2,3280000000,100000000,5000000,1399.8,,ST,25,https://www.youtube.com/watch?v=JxQPit_8IVE,경북 구미시 3공단3로 224-41
6,11,23,넥스트온,"수직형 인도어 스마트팜 시스템 구축, 엽채류 및 딸기류 판매, 미래 바이오 소재 개발 연구",http://nexton.ag/,,2000000000,Series B,12000000000,2000000,0.15,,,5000000,5999.85,,ST,,https://www.youtube.com/watch?v=gGnzR5VgB3U,
68,1,24,에이젠글로벌,금융회사와 데이터경제를 연결하는 AI 기반 서비스형 뱅킹(Banking-as-a-Service) 플랫폼 제공,www.aizenglobal.com,,38640000000,Series B,20000000000,9000000,0.2,,,5000000,2222.022222,,ST,,https://www.youtube.com/watch?v=OMrH4_-61oU,
44,6,25,지투비,"세계 두번째 자동차, 건축창호 및 투명디스플레이용 SPD Smart Glass Film 원천기술 보유 및 양산업체",www.g2bsmart.com,,1600000000,Series B,22000000000,8000000,0.1,,,5000000,2749.9,,ST,,www.g2bsmart.com,
56,45,26,노을,"체외진단 의료기기 마이랩을 사용하여 말라리아 진단,혈액진단을 수행",www.noul.kr,,7006000000,Unicorn,9.53E+11,500000000,0.2,,,5000000,1910,,ST,,https://www.youtube.com/watch?v=IBEzMKGcIX4,
51,,27,올리브영,"데오드란트, 도브데오드란트",,,14000000000,,14000000000,7000000,0.1,,,5000000,1999.9,,ST,,https://www.tiktok.com/@kimming0_0/video/7392154792811908359,
37,9,28,이지태스크,가능한 시간만큼 일하고 싶은 사람들을 연결해주는 실시간 온라인 사무 보조 플랫폼입니다.,,,2000000000,Seed,320000000,100000,0.2,,,5000000,3199.8,,ST,,https://www.youtube.com/shorts/Yg7ty169_i4,
7,9,29,볼트1932,안전금고 대여서비스를 제공하는 기업,,,38640000000,Pre-Seed Stage,100000000,80000,0.1,,,2500000,1249.9,,ST,,https://www.youtube.com/watch?v=FZUDl2Pg20s,
66,6,30,Orange,다세대 주거 환경을 위한 경제적인 전기차 충전 솔루션을 제공합니다.,,,1600000000,Seed,3510000000,1000000,0.15,,,5000000,3509.85,,ST,,https://www.nextunicorn.kr/templates/ir-deck/detail/e83b95c5835b9af7,
66,1,31,파크디언,"AI 기술을 활용한 전기차, 장애인 전용 주차면 2개소 동시 모니터링 및 전기차 화재 감지를 위한 WEB/APP 기반의 솔루션",,,1600000000,,1500000000,1000000,0.2,,,5000000,1499.8,,ST,,https://www.youtube.com/watch?v=b-5ivE1CIRY,
59,60,32,포트하우스,"새로운 해양 공간으로 탈바꿈 시켜, 창의적이고 지속 가능한 해양 서비스 솔루션을 제공합니다. 폐선박을 재활용하여 독특하고 혁신적인 해양 공간을 창출하며, 바다와 환경을 보호하고 동시에 새로운 경험을 제공합니다.",,,1000000000,Pre-Seed Stage,20000000000,2000000,,,,2500000,1500,,ST,,,
68,9,33,핏체인,스타트업 및 신규 BM 모델 소개를 숏폼 투자 IR영상을 통해 홍보하는 소셜 네트워크형 투자 플랫폼,,,100000000,Pre-Seed Stage,15000000000,1000000,,,,2000000,1500,,ST,,,
3,1,34,네비웍스,메타버스 및 지능형 관제 시스템 개발사,,,1406000000,Unicorn,,,,,,5000000,1500,"data:image/png;base64,iVBORw0KGgoAAAANSUhEUgAAAbcAAABzCAMAAAAsR7zPAAABF1BMVEX8/vzsggT///8kFhQkGBQkGBgkFhMkGBn8//8kGRQkGBYVAAAAAADw8vAkGhQkGRsPAADo6uj3wpCKiYf3un3LycfrewDsgAD3+fiSjIpeVlT8+fJHPjz80aGflZYQAAD0hADS1dODfHtmY2G0rav99On98OA+NTMwIiS4trQfFBf2rGQaBAAfDw1KQT/Bvrx6dHXwkjTxoVobCgDyjAD94cIwIh386tX517b1p1czKSalpKXyegA1LjBQSUXg4OD0tGD2w4fymCzztnD70Kv0o0r4rmvxjSX60630wHn1t371wJL3zK/3pWX95szxmUT75trzjzH43br3oFA9LiglEQJmXVhzcWycm5ZHQz1aT1DxnDT0pE0/KytXAAAgAElEQVR4nO1dC1vbyJK1pVbrYVs2EGMTSAwYMCZuzIwSktgJnjxuyCY7zCN7FyaZ//87tk7JD3VLNuImE8K37ntnMhF6tPp0VZ9TVS0KhWX7/m3zlzevHvz5dHOzUPC82+7MsuVt3v6Lxvr6+ovt12/e/r6/hO6uNG9/vcit0Vgv/uvtxf4SuTvRvIMxbjF0j989218Cdwfa1N4m0BFym0vkfvhGuG0XdeTO7y1N7odvhr0xcttfni6B+8Fbyt5i5J4sgfuxW4a9Abj1iyVwP3Qj3BpZwJ0vXeUP3bLtjdjJoyU5+ZEb6bcseys2iqtLOfADtzn2Bk/5vrAE7odtmXxybHEPlsD9sG2uvRWL29Bxy3Dlj9m8/Tnmxsi9+OVif7Nggud5fGRz/5b6vGwL7Y2d5fbre88unh7E6DFem5v7BwdPnz55++6/brvz/49bMh+Qjdz6+uMvjz58fPvf4/Zx9c3zf70urq+fL7X57bVr7C2GroHU6vp2Y/wf+JP45jIWdostD24ZSBYbr5ew3Wb7z3Arrv+2dJK32v4j3BqNd8so2O22hTpgHmo/PVjKultuN7e3RvHXpY+89XatDkgZ22+rzSVst95uaG/r5x8uPCvvvW/qTZfeN3e7EW7r2/cu8mZ3PG/z/fMnN+zL0gHnbWncJto65SHXX/zye+6cnPd0c//R+pcb0E7Pe/B4dYlbzqblcRAIaTz++96r1Ve/nCMskji+/vjefv6FrfnqxcH+o8aLB7n7Udh/vl5c4pa3JXQAwfTH8/eb4/ixd/Dqt/MYyWLx/Kc3T6zcq4+3efH3duNg/zlNgpwGR071nDrynXHzEu27PvjrW2J/wPnPH/cTL0AL1LNX73799dd3Hx5c5AcNFHUVxgp7K66/yXOdV7h4g9jZd8Zt82DW7lpOaqwDsDMApqb/bNqsvBQSFz17BBPdhr3RnXPUhXn7D37jXmx/V9y8p/ceTdvq5nd88jdosb01Gt9qV4B3cO8clUZjeys23l17W+/iUXG8kn5f3J78Eec4sHr/fHC3PCXjtv7T22+zf8rz/vw0xmBsb9eme7zNBz9tx5d8Zz/pPflpSpobdw63g/XG9r2Db1MB5O3fK45JaKOxz/a23Xi38Arv6fMxatvf3U/eadz2XxTfW98GtcKT17GoYLzG61vj/P38u3ubq9sJoXgruKGzdwW3yqwd3EQbL2gkHO4lS2i34/WNxuXXeQ/wCk+f61W3t2Vv23cCN2vlvnLHTbYq3wa2zSdftMjLFLfi47dzLtl/8FgP1tyCvY0t7q7gFvlShlL4Miiv5Of485v39MOUXExxez4+8jxrTAjodw0z97dc3xY12JtwhHCkDJxvgZu3+f6TGdCc2VtjO8PgvP3VP9IZ2yVuixpwcxxpB4ETiG+Am3fw7tyEDXxybG/Fxuv0Cnfxd9G4YonbdQ242a5ftV0R2OWvX9/ex6jp5jOzN/rvV+YlmzGHWfrJmzTmJWRvvhS2/w3sLROCJG7FbdPgNu810pfcAm53Kl4CXmKTufmB4wTlylffL+3viklegr88T+GWma79zvHJd59+HrdPH+5AYBn2Fki7KnwhaH376rEqFjPWKs3eii+M6fwj4IayiP8kcn5rLcbNkcRLHFGufHWPr7c30gL6Jdm4fV/9duca42YHtiMCEfyDuD1KWuEzDZIfwt7uWmMdYAdCStt1/yHcJnHl6d9/1qgJ85IlbjdrzEtsYVcDR3wL/TbP3p4ncSs+0HG7ib1ZaM1E4wNzzpu064/f8PTCDU/PPiHfWemDhbG9hVUEurL45IInZP9oHm6an2x8SlKTm+BmNeu7W71WKdFaveONUer1rdHDWavPjjf7ieOzaWqtDGeHu83ZbeqJ03cSt+kmjidOTz61m4KEDqz0Ew+itrfTLKTPS9/GKjRHk66PLMatZ9uyKgM3S7/tzK7f2ElOz2QPhv3R9OGZOwxSuBU/Ju51A9ya9c+10pEtSGyS3KR/hKR/q1ppd2S++l651qrV+J/y2nRkvZXdMg7xT8qzN7LqnXJ8Mp1+P4HnRrk2aeXh9DY0apPb0PHE6V1Vm96mncKj0v1c5sdMetaiTgzWRiZyVn/amfg2XmHl6n/K466orjW2t8CXrnQcJ2Vv3X9Pe1373+TNK/2z8uTe9OxyZ7gS/2CevT3X1rDGb4lSk/y4NYf/7lFnbSzIrqA/nCAgSiUDWTvu6+9u7dXoh45dpbNKGm4lXEb8OXBLSdy2hIMLhCt77SRuJTxE0qS2a3uzu9NsdybPT4ya1T21JY46gX2Uwq3ebpFW9gP0n3gg9UC6gmbd4Z7BK6x+5Ixv7/ToNlazv1UjGuLSJb59OMFNSBqHIBCGvXmFvUjZfL0vwt1m4mc77VbP55/Q/4UIfFU76/MJmR+KMu2NDn2c1d7kxs3aKykJ6ivsABw4QLfpzV03kOpUB45wo5OkIwih0oaGm2+HLr2uK3TcFOFPr2IHSseNniEcWzhCx03RYTuk4XcS0UHCzfHRr8B2IwO3ZvesxPfhLlO3BL8BnapaGzpwVr9EhwWDAtyaey8j8jEudcSh5WyC20QG6PrNKgwjFeKwsNXpWuJH5K1KEpjRz1w82SFzjV7uYXSyEGik7K3YOP99+rJ5cbPqp4oeRm/u2sAjRk46POncqJP042PcYJeBMHCjwcPMtUMTNzobptBL4ebQA23D3hSQFyncDoXroz92YOLW3+o5POUEhtvGi9hAge6hAh04q0/2wm4lkMCt34F1i/EV4dTeqAc0ADpuVnMYKrw6PUsNtPvWz3rSjZ0EjQD9nO7nC9Xpz8PN0AFo2/emBpcXt2abeu865GeUso+UwkCTJ4TfpOGwo3bSy7OfdHzyb8L0k+T1fIdciGPg5rNfsqVhb5KO+XSBYW+Ri5OBhOYnB3ggw6H7SWvluAf7sG0foIaxm/Jjl+WrwZ6OW+RTLwUcBuE2uh/RMg43bru2KxJ+ktwmPSqZf7OaDw99Ook6II/CqySg8O30SMLZp8nOgc3Apn5EWM+zECg2UvZGwE1XuJy40Zgoh9eD8qDT6Qw6g0GtpXxJCwo9PbD902HSW+zVBPWPlqWUn5RVO5S0otsGblXp02yshqa90SDYRLgdAzfhh3bouyl7E1WMsS8N3E5KDozfx1jLaqlWI59fpf+Fwg1lNfqssb6+Ip8S0iQNZKlNy0OImxIc5OJtySsCz5xQhkQn3QQvIdhOVZXmDl0vjq40wrPRsn1JLw9fU1WlWrkW2VWakLLVncdL0vZWbPzrprid9GhkRTQYTg+tXA2ok1VaZRAaT443+0k3AFF2XAM31yYYMLI6bkd0VNBSbxv2VmXSSuNV0/ikcgN6NPkaqeNGA+PT9JJVlcTNGpVpfXIIIZp59tHRZbe79teRTxMOp9Lda1fNxNn9iO+OIoReu3IcuUyw6GF00K5O+SQ6QNMqnNqbVdmIcDs6KEVrqBt8jV7PDXFXV6qtjWF/eJ88Kk286Kw5x09m2FvxxaSYcvNe5mf4DNysnc9Chra6P0qAY9X/UrA3zOOqGHQ13Fy8JjiV4ScF2Qm8U9XATcLe6MUiHTcfrFRWfTdlbzabhOaluqdkJ+Q8yZq19Y3MTfCw01WuIseE4MHVwEf6DJYVqK2EwcHecHNYWK+9U6ZJhnMcPnVqb/E5knCf9MAilUMvhoO24XoL1lqLTNtBBsGmJS2W3f2XPl6jPJrLS1L2Vmx82ZzglifOZe0dCseVA4M2dl/ysiQQGm9tJE+v+WRt8Obm+ibhWjLsjV6WlhvfMfykw8s3AW3YGwaBJqstWkncDiWWDHJqUrO3ykCBrEB0Or2JPrSuyPaxepLRBbVuovP9SJKzwPpDy+RayaaVkTgzWBBBeTpd3xxJp9GLjC3eWjmhxUEyhVEdQ/Zbh4r4I80o4gfTQbSGNWK4QW04Z33L8JNkheNoVz4/aT2MSKlFJ0ZooHmiQJhB7ZzoMjGCezXWCsQCAh23HqgWgSEDk5dA2NAPTR0A8oqxMHCD2LPBZHV7C0SsTpwkblZdsGgh25ByUJ/+4EzxrHDIdZXWEvSmX3JFTNeF+t8zcsnUYxfU0YGNzfik8KEDx/rNGp2UhZQSHVB/JaYB33JU9rkHdNvS7oyubOEuvZM59paFG4nvONqVD7cKOTiaYFdmaIHM0AWZphFX93eSuNnQScTaTB1AJI0VVmCuby70GxEfY33DkIVZuDGd16rgYtzcIJaBCdyuaKYTH4Aq6c1ml9WtkY6wbeomyYbZYFr9XhBC4GAW3R9A44UsHVisHk78JMsAAsNhHWCNLks+zRiiPbRi9RPLZfwojjcgSkEL3+zwsBa4gTq7wfo23QKQCzciwzXViw7NoJ816igoLKIgrvqrnsSNXhKMzTH5JBwTEy7D3kCeSQaYvIRGhlwRDbiOW0R3AN93HMNPSmhqcmoabmt0d4ErbKeUGLVK2RnzT1rgErfpIzjiA+hAdiQrEfYFdHIgZ7j5gvvsAzdr1FasQEhM944TEdnJzCmB1eG2dm82iOBLUh4NMuOT2evbNNqVE7eNdvuyvbtj4rbSOQLTIhZlyy0NN59YNFEQafISojA2Da3tm/bGJCE041wYcEkUzVzfAjBz+pldM3gJQms0PBpuJxKCSTKbS0y9Zkgu2KVl2Cb5m8StRUyEznZJNIAblsqJVpr4SYhXovsCzMjauU8MjfgtSbReJxEBn75IjwwrAL9xkvZW8aMoUq25ujvD3hDtyo3bvEa4kYaj3oZE4HXcaEhBlH0nQ79h+QhN3AIXkdqqgRspHCgu6RvxSTtWWPFsn+I2wEzBjKmqyyRuisbfJeJOWCd4XvNQuTRdoCeONNxI2xGBJMR8CJPDtZ3RaGW0Qv/Hn824B5GPaUleEfnu0VkkqsyTSSllpOMIN8wyTG9bnSU4eZN3GOTLB0xxe42PJnxV3pRw83khIxln4OYwJaZh1+0toqEDtzf5pAq5ps0OVcrebB4R00/SMeg3XQccsrLFeCd1t3V5RE5KYLa7dlfDjaYc0HR0e6O7kyaWoupACI7SGTtWkNQvRD1EubLT6Un0x8fszcp+Ww9Lvs9yieBrtVPIzrO3TNyK6x82v97eBPt/WldM3BByIsVk+knQRhrXqslLQNewjpn2Rss5x/B13HoI88mApq++vmFSCIRsdT+paHbZiKPYbtLeBtIFuSchoOOmcLbPOkOdmWvDuAcK0QYJb13rD3q8ODvEMe5nWBvGo8QBZfKrJF1qKeCyccvkJfjJ44uvx+0IKRHmkzpudJCG0EnFuZiCIZyr40aQgbi5ZlwZEeAAC4e5vhHP9AGetr4dClYTLLw03DjaGIDMa36SUweQJbqf7EEDVpFw8p1hJg4xo8XrBW54yuoQZDFqj7JOJ35QAw0g6HzSO36NqLd2XiY66XzA1ODebXpfvb65nDij8dJxAzxgyikdEKdPgpQOYHUgnCiNmwNHbPhJkHJOw2i4DRC5oqO+E2m4CVAh4g2Em+YnyVkgyuvYOm6RdBzujytfZha1AjeONcZpISE4vyDVZTZs1A4ln4NJRY+MjruaO81EZ66fpKXviXfT9U139hXoAOo2eaC0DoB7c4OUnwzB+AJzfeN0LM3HlL3FJmSubyjIwQKnr28DJJiQXHMMP1mFaIBbEDpuPOHIboWGW4m1Gzl60lbZ9hPbG6druN/wLgTb3AohC4HZgNNfkAOOGqwlIc4qe0U+4N28Xynx5Wa4EVD9h2u7iUbMmzrtowg0rQNsnxy6YW82hACG0MwHwOsQHTDzAYiJ0aLlGn7SwW38QNsNw3Eu8BISZQZuAWhjSPZs+EnX8YmX0Gpm8EncXMT5gHm4cZDYBweGACCyWLqcX5CHgAnCplCLxIQCX4mzvVm+INuo9q1nWXiivXh2o7qglbXOqe0rqeImlQhZdyEIfmSsb+CYxEBsHbdIIh9AfMKIK/sQQzQEpu4mYoO0ghSJCOJYB5Dhko/SdMApxCF5Pkfnk+Qn2a+SWjH8JHUklHQbg0/SCyFD5abSrwncuC7Iho6IA+Xly+Zc2Kg9RMyZXtu2+TVdqdzZm2Yb1YG3n21UtMI9KOTGzWruRS0JChWE3JB7tFFDCH4oNHvrkp8MMfkD1/CTLou6jLgyclFu1cwHQPtWEeQ37c32wwA/1O2NY2LUHy0fYF2qKqIlSMM4hp9ElT/d3eCTeCG76vic787GLc7YkA4guyPx7ga7C/fmW5VdJZ0QuUrHDUFEXadU3htDnQlbY9/znp3PYSaEW04/aTUfliVIuQtexgUS5NiQmEAhjvTTuhvlL76ZD/CBPDxiipeQfqdRN/wkjXeAC0xeQtqATcjVdMApnUorny9dnZcoTBWk5V3dTyo8k9xXYNib68bRGC1cpuOmkDzHJJYcdVRrC0CLL9kdKLgaCUJFL4S8YulktAC3A2+eur6RvT0sI0UhOf6LkgUU8jjj6hhH2Eem7naFKznUrvMSeFWEfw3cgI9gQqH7SXA2bOw07I18YZUx1eNc1DvSgcQdjfUN0oNHK9BwA8ejZ5Kn13lJ4LKcMNJ4Om40CBLEC7emubyXdZ52TWVI8tyPq1TEmPmU7tfn4rZNuHkXf2RL79y4WV0FKuuGknMiCKMjykj4xWUwTkq/IRDrmHmckhRxUZXJJwPkWKupuiDMEicrj8MJaOqIod9k7AmEgdu4HoiebOo3UEo/MPQbr4VcM7RgfXOg/GLtSu96aOZK0hc16+2ay3kPlLcEHKnufQZw2fIa+wG8N5kxsNx+0hqdkbMBFiD4Uo1jrTXJdV1sKKaf5N6JjHquODhv6G5CDZuSRGTWc5E/oYUmSOkArGTUH91P4u7wA646MfykG4QoEdB1AEKryPm60tRvNqfWFtkbQh8gtETskWaU6lrgaBCvFJf0uXylg9xFCSUEWQiAl/BXErOAy4/bhkJckZPPgdsarPX7/Xq/3n2pkOigQTTjXJB0tPwGZlwZiwKvjMkB5zwO1otUnYKEt6Jl3+AlPYnqBbBv3U+CsHF6R+0meUlEDhvi3dQBAmVChJpv5APoJTnY7y7gJbE+xULF0kOqcON64GByChOCPbGPsGlpY16dOe+/8V5l+cO8ftLauR8hCxIH51u7K81x/zsKK76dlQ8Yl8gYcWWJ4D75IT9K3L1+TPrNZWlzZNYrw7CI8Zt1eH5Mv3UdcEgclvWEn0zxwk8C+jDFJxV6SWolxSeZsCOIuoCXcGFafCJJD+JC4UZ6s0HqyspVWEIhV5Uj45jyorLA3qhlGRzjlqcuaBgnj1juHq1NlApwq8YZG52XdGvC9eOEl2lvcb6DZnhiYMneoANQJWPYWxXp8WoqXhLncZD5K+n2RlKPtDAxxH4SN2FzfCU08zgoQAWbN+wtYm1MRuTPtzfUINoc6gqJYkO7SztZgjAXOGunrRSELRrSFLVhdt60Ee93895mGFZeP9nc6MWRCPq3+jwN0SAfAILCBmfyEuQDyIdmxLlcji5ouB0xCmQqBi8JSQeS9vBJB2ijFnCBK4kynZfEZT4kBA6TVYGXRz68pytNe5Mc6nGFoQMU6nd8sKpFftJFOTnWjVMF6Ok/ZGk3x144q7IWHvEW4ypdRw62PV8HcDd/SyO0/qCZK9+9clkaZ0iEDNdmr0j2hnouGixTB4Ckc/2FWa8MoeY6Qbmr25vP1fvSrOfCHhBUwKXquVBriyo6nZfYkueKHW0lxo/9JHSATx5dz+MILp9GbZyu30AWEYVe4CeRKweldWtXLxWtnAG8Xi0XcNbVoYo3mGDbgerM1wHcMqJdOdc35OGpm7xdwUkU4wG3mNLKjDwOeLKbzuMg5yXs0opub/wW0jHrgqDFWHqZda/j/ThGXZCD+jkawtKajpsjYsYvTP2GzQcQMUb+zYk3rNgL/KQ7zhmJcqVLowBbpmnQMkveJld4yX2K1vBUIPkBtWk7g8Xrm5cRXs5rbztnKk5s0BAmtnDAT0LHgWem7I0LZ1K4gdPTIEbt5O3rW1yvSELKNdY3Em80rtUM/UY+1dF3MSGuDDmBb/iMdNwCP84HScfUbxw5MPRbvNcGJrQAt7iKjXErdDs9WrKRQrRL6Ww2HrWCNqvyal61plEn4SzGjQzusWlwOdc34Oaz7iJ/ruOmuHiSlgMjjyMdGJuv6TcL9iYQn3TLfR03DBX24/hmfNLmVc824yWIwwvkcXQ/iegnPVn9lRw75HG4esE26hROOUVICtuWBp+EwEKt1gLceE9LVcT7u/tbPZ/jdzIsZeROreF9tL3ZK4yO8SENLNE0jxfyEnx07YNpW7n95GcUvvicZXqZwGeno0LSBvQzafhJVN4HCLwm1jdrpd3j9IsbnSVnZewnUSCeyuP4rAOIN2s64FjS4lblyL++3zSuIRFlrWDQ2iXyhwIj4u2lRP56syxZ1FVTuhtZH96esYiXxDrAsbkH/Q6SCBzq76WBszZqvV6vtpscCYWSMRtp23BuXHl8dvI7WBPc8vnJUTtiNUYEORQzaWQND5FjoekZVg3ckCGxDR1AMKPQlCZpTSvoZXsDf6+mdADMDfuetPzbqGWjhKxq6/VczY0WEhO+HZ1pnzqzro4AJop9ZGm2ldCql7kAGQX96n5F85NV5HdIZKa3rU5wUygzRAVzXDFNrxDJkP5GcrD1OVWvOIxI3kfHs2ePYuCRXhSdbN3dSGzD/5CBWx4dUIkLH1GwSO8yebzVbEf07AAV+em4Mm/v1fZ1FIYt8lYkonv66o19wnxzupG5PwAIIV2V0AGF3ZIrOGnpyIQOsHaOIzeOz+uFp1bfjzec0X1UZ9pL63MEmlnFe5HySpweOX6I2n93gQ5QKM5yUDsY76OyRn/1wInoSbJkFhNZ/RKpBHu2pd3aOUXlEUd85uqA2fdKvKeGweWOlwxde0wdHHl6FetuqzkcoL4ARI0mnllfQu5fanVBVn2gsLFBC2WOcUOFI28sNfgkKrxd1OHP7M2q9yR/yMBFxma6vlkVUg0BthlEa8bG38pLxfs7kZtpjZm6VejWwAAldl7K1L4OqB5iVgvXN9+FFU8YLZlQC0KGlg27dGy84KiGMpxSexywsJrMlDkRNW9fRxK3grdq2ltO3OrHipMPPqh6Z1jhrUh7W5ETZ0dogU3pAN5HLAi3SU1K/ayHaKCQhzOfN8HtiJM4Il0XxHF87JjZ8+K7NAn9uISId9fXKuO7r2worggT6aIqq11iGcjR4miNCyIr3cERJAwXL8mOvo8qYOnB7HC+fuO8G+m3iaemxQR7d6AgghRwVWxCEeV44KyVIfJwiMfTwdIoOx+Q/HShd6AnUHPncZqXCrw38PGa0WC3W6931zpKIh/gc4Q1VafA+UFyNZf9Olr34RbqbYgDSDMcFOMW19ik67kCrjyK1urxbTZILHG1EBdTBa0uH+4P20ox148yyvPrZcGugsep1x72693dlxw7hiKlKZ/YjpPAzdiOlcbNRhemK6w1uowQqKRlL+h1tC1nNHO4w3J3j15heCIgI8DcaB1pZ+9b1D856T14oeOWi5fgZV7GXxgIOFsdDc6OB0jI+Xacg/JN3Q1C4UuXPNlg65jaVic6QvhdZCic8b4OB6VtaR0g44KuzjHfZoD9E/iQBaJldHexFR8PItilH6iXxh4mbu0SeiLhdMn5BVtbcPA+AuXQHrrfZj7pwgvz/u55uHFkyxHad55GJyWBsBm9eW8ryWlp5tD0dklYHG5tdUSPs0S0hNKy26t7i/IBU+A0DZcbN1SSjSvKiX7jIw8CO/E6ccwfS2yqDo+5NPw9ST+ljhTkE92gdpYKvjKfDHkrr8lLaNVD5BfwSSWEIuyrdryDmitbZJXu7isFhcZ77GtZsFk7kZScsonfQNGUQ0EQdA3Ryd5G0m9jP04Q055F6xuu550cyS8DrJCrJI+C6Im+d7H5ucdReVuisTd1mHGX8ezr7a3gPUvilB+3gnUWOQj98HYKFMfTbFUnA/zBOziMuiDeoWRXkfiRHFznQi6hSpfpj2KBT47ruappHRBXTGHLJ3+nk/+b9+5ycQ3vlaCf8f5c1QuyysKpdZXC8znIH+/9sGHdUOK+UUAHXmLHWSK5QAdgAMjgtMokIhwntIZjx1ao7xW2dmyuAEO1uxtXtCEV5cbOJwduhcLfCavMm8fBkyvHETZIQyAJxHRD31HdLc6/Ialirm+O9LGhGhM8RLivStanxNYwI0eF9Y2/p+DaMuUnsesb39RABY/PO8OrCpu1HXwey4kLyhBpqZJRDzKDTGjNvUHExT44U/IWUmT1yFup3qX53RlFhh/gnAX57mhcfme72veCLC6KcPhjDUruJey4O8AnGLiz8d4DsvQjFXOoXLg9efwf2RuW3UEPywF2DJL/l3a0O+IP/eD7Eqn9bxB1SOAzNUd5vuxFx2uZ5jD5fglxcjMfwEwCnhhlXQ6B5aieOOvwWsYf8aHpEXCoT/UG7b25JYxWs/tZRfhoCOg9f5rIR7WZLA3WjIu4TkFyMUV1AZ8MJsUM+vcnrcIu0cxQ+PQUpYazX4zZ7J5FPSRIiLqQw/RJ8ZYmVcvX8skCol0JpG5Sz4WKpLZT6/VUFPVULyoFl6OVTilS2HunolIniVu5ZLRaqdO+qmePq1Xv1CbnlTXczNu0alGH6OD9mnm8HHze7S7MoVg7G/eVcV2r1Dnppj412J+dlfF5thi3z4lz9MeSNjttTbuV/FzfztX9w/L0a4Kt2qDdXVA/mbI372KmBW5QP4knF0bdq5P2uK3ROFWmf2u3TxLx5p01o20Mu/XRvN9bbY2uZmcOk5GLzNuQ3jePX3X7O5VrvsxsNXe6Q/OyejpDrXU+cztOoVBJ3Gi3aVxf2UvcIPnhkOZOf2/6pld7/cX1yulPz39I4JbfT/KjrebKaNwq/D3F0bQl0hTjfZTJVkOcEaAAAAGNSURBVJjzkc706fOOozXj26Tu3lx090TvC6nLrulNM+PnaMm7pO4x9wb0uOnPkl3Oh5t3MY12zfGTi35vn/610uu+nbpseVoGao3G49Sc8VYnlDLbTzYafyx/7/r3bCnd3WicP0rvN/AOPjXm2xtdc+/O/Tbmu93M/W+N4qdnWdtEvNXxiRl5HFwzj0As2z/TTAjOP/yeaTje/m8T3Ax7a6z/8eHb/NrHZcvfdNjW/577K6W99+tzcHv05Nv8Guplu0HTEHixuug3O33ZzvCTje2PS2O7hZb0d18uFhmO9+TFxN4aiWt+XxrbbbQZJWxcu0o939b9JF2z2lyiditte0oJL65j8t7vU9ziXxJdfP50yf5vqY3d3U+rOdwdR7smfrLR+Onj0kXeWosN592feQyHa7vGfpLc6rUGumz/XGNjy0sJNz9uj3Fbf700tlttZDjvLgo5IfCefmowbtv5r1m2f6Q1im9vYjir2+sPNt+d3+iaZfsH2t8HNzEcb//Nl83NP290zbL9A+3/ADS1oVdOixgsAAAAAElFTkSuQmCC",,,https://www.youtube.com/watch?v=kMdaSriyY3c,
36,1,35,지로,빅데이터 기반 영상 제작사 연결 플랫폼 '두둠'을 운영하는 기업,,,300000000,Series A,,,,,,5000000,1400,"data:image/png;base64,iVBORw0KGgoAAAANSUhEUgAAAMwAAADACAMAAAB/Pny7AAAAb1BMVEX///8KDQ8AAAAAAAXNzs7k5OVRUVIdHR3y8vLh4eFPUVH8/PxiYmICCArs7OzQ0dGvr69nZ2e4ubnY2dmYmJhaW1soKCm/v7+Ojo91dnepqalKS0yEhYUsLi9ub3DHx8c/QEAVFhcgIyQ4OTugoaGqKtLFAAAFwUlEQVR4nO2a65KqOhCFISjgRFC5KAgoqO//jAdUNN1BBYcprbPX98uKkGTl0unuYBgAAAAAAAAAAAAAAAAAAAAAAAAAAAAAAAAAAAAAAAAAAAAAAL9ESvkHlbqEtoXuUlZMn+nXPRku80JcOaTb0B1R1CwWKpNradZVaszEQ6zqkOXBi6654bJsHvbMC83vIpm4o4mZC+uGEItL6dRWS51WzFQoxZSLpGoXTB9LWeSHu5ArXl1luh9JTi1GqVoRo7SniLHMp9R64s2DnoVRLaXrpXog8sUoi21cMU0VZt41OTLIHr9siePW/0Yxdc92esdkvu6clVvDTj6CmvHF1Ntgx+fG3XWvMKVlcx5+o5haTU63wHTF933XS+Wv1fyFGNNytmobbg8tTePHx5bwg2JMEc+UNtJeWho1XynGE6d7E1FPLXXz9sfEeKoHwPqrWLT9Udv7VvdL9WvBh8R463jVMs/WtGei2F/f8XdMSz0Ghb1a7eZ2WWlj4PzKQL8vRt0XtdO189SOed72YtDkknXYElmyad6U/j6KK6ZUpB8SM1c3ueFGpF8iuXg104x2t3FdlNajgv1dTIz3GWdmGuSK1JSfxciAddZcEtdNbphYK/+FlzaeGGNCarp4AS7dMcLb8A5MSvrEzy+OzhHFuOruEKuzmNBUqycWuyVwyGYzOx75uJjLjtrQYe9wQQ2DTV7+FWJmREza9FvS2qvO3e075KH4/XU2opiE1HS2ZpIYq4tAnZQ8VO47H/pjMdQ0G6E6MZ6IGqs0Iy6DWHb3IST7ynnw1N+KqdeDvDENyFa31mfHZKIKtKoHYy7pOnvfAvxCTHla3ohsGn0J+7zyySlzLesgJo9Fb580YzmazGm5hmdUzOpRvJJ+XkzjgV0xGaK4HI5Bn/1vGPk3iHmISOX/Row4XncHFaPlOVq+Ypk90mK2HhhxAES26OpBjf29YsQ9XpzQs0fzMi+4qlXv9N8+Jaa2cfc+T0nw1evQtA4vQmfp+irqNI4sxhLOXNnmzJ15YJtpIJS9CM98em+hnl2jivFEEZPRl2Rre17noIdVv9PoSh0iqZcP6tIN7bfFaMeLV+QbZn1ZCDDv6KgcGgJQQ64mDSYH5S+rnbRe2RmnYvMkSm2FzMg680SiWSq5pMEZTYZ2EVVqqHG8h+HyRGQepv3FCDvlmX2xYlGB4ZJh7DBVMqApDS2w0NkU6pBW9xpDkk8QpTtAzHyRmHSleaZ2MbFn+bSKniJyy1KEPQJNn2QNxLHdNaTTzRktB4iJZ+6KTY1VJezejOcAhbna3OVM+OTefIdnEKtiWkU0dQ3pL/mwtKaob6TplnyhiS3bFRvmT3tiHZ9C13X96XZeeNw8Jq+1GNuKzrZ3KO3MMWlXPNGu195hc8gvke5X0+3UpOyJ2syYzqEoDnXz/C/h9LmqlYXFa9Tz1iJtq+qfA5joathCWWS8y5dQSA8c6uJ+8X+i1/ikqgEJjUBLfgtmBJbO67avr/ZMM0211alXdY83hmRntOsXkdG1IpO+kcOun5YeUyPKu4c+RIxM+YK55plv+L2uzjwR974GlPFzNWK9vNuhQXmzjhsYZqD9vM8FbZev84hF8UyNZaodGJYEDPk4iYod9G7y8urcS18e/SrBk40ozETdtgMzmnvtuCmYf+xuX3zUUEXD7szkhrepaKHXJgPFyIDfW2o+p1w8+a7BElkw+FugcNVZoRBlyL5CGJprPlXcCNh81findbdVqw+dZPZG3C+XFT8r69PTW/Kqpj9qMFfdxagQ/zbXvkCba+vGj5pyPilC5G/n/Tdz2mYVB/qo+Gn2o9A25ttKYUZ3bP7DOHKf89z6jkk245fxy1P8Tb6Ls7IsM3unhYYj0r1y3EWUruyyaT5Ok3E+m2tSHGN+HjkM2eRVRvuaEQAAAAAAAAAAAAAAAAAAAAAAAAAAAAAAAAAAAAAAAAAAwL/Cf6yNXw+0/d2WAAAAAElFTkSuQmCC",,,https://www.youtube.com/watch?v=3_kaqeMsl_w,
14,44,36,리솔,미세전류로 뇌에 전기자극을 주어 수면 관리를 도와주는 제품 '슬리피솔'을 통한 숙면 솔루션 제공,,2017.9.1,400000000,Series A,,,,,,5000000,1800,"data:image/png;base64,iVBORw0KGgoAAAANSUhEUgAAAa8AAAB1CAMAAADOZ57OAAAAhFBMVEX///8WFhUAAAATExL09PSBgYGoqKjf398KCglRUVHMzMwRERD6+vogIB/r6+wODg2/v7+zs7NtbW3T09Pl5eXZ2dmsrKz29vaHh4aUlJR1dXWfn59ZWVm7u7tgYGArKypAQEA5OTgkJCNnZ2dJSUkwMDCPj48bGxqampo8PDx7e3tOTk7MPCczAAAPg0lEQVR4nO1d6ULqOhAuKUulQNkFREAUUc77v99tkZZZskwq9+jRfP+0DUnzJZPJzGQSRQEBAQEBAQEBAQEBPx/NaafTmQ6u/yj+xpg2v655ARV6w8V6r0o01ovhff7fodKh8XJ6DKx9JSbjnIYkbZRIk/zv9WMUndT1n+Tp8Ksb/WsxPCgVc1oSFc+jTl/xJx9P0/ZXN/xXYnZQmZ6SRqoOg2htICx/qsIc++toGdn6mEXdaGMiLGdsc//V7f9daB6MZHwgzufQLjE+Vmr21Z/wmzBTZioqwqZN3epWTbHRV3/E70FXp/1RZNvowTYJVVA7/hJmlnmDCbG+qOZf/SH/FlZjgOdHcbmBZHblSNNcKbES2v0fv+7H4Q+xPog7b+tcuyo+Jla+YjVw1xZwQYJllXg5WVEOYmx0Aj95ip7RMzovk52sytkI4pfOyrgeX11CV777bQ1nnc70jAlkM93mwrMy+M66r3uqVqoHWZUYv3Pdq8nXHm+T1ZHo5UNAmKKFuzusgcRKYv894SGSvMha+sNQj6+5wv29ZG8AHUNN2dMRNovkItMNorUkd6KW/jTU4yuFa1CqJvyNDuBLY8QY7JFMlEywwFeBWnw9wq6LVUfzShPwpVMNeki/VK/uSgNfBWrxdYf6WjO73HxFyEwVszWOI/BVoA5fA6Su65U7J19YxRT4VgJfBerwBTW17KB/x81XvisDvb9z1hr4KlCDr7ZkYgj4wtO05ao28FXAny/kgEwbhrcEfEUbtAw+OXTEwFcBX76Ii1ItTO8J+EJqZiNxOC8DXwU8+Ro0sC3JyIWEryZmILUbmwNfBfz4ambU9GcSYhK+oj42/cb6rcEFga8CfnztCV3mfZOIrxf2cxbXSuCrgBdfLNYpzkyvivhaUx9asjVXHvgq4MPXnNLVUH9M74r4WvAfXBlrD3wV8OBrQOIwYqXWRh1cxFe0YqHB5pcDXwU8+CLSUKlXy45JxlfUayuiJPZNrwa+Csj5IlEY6tm6vxXyFRVCMRa14BZ8TYcPi9V41VqOZj15qUG3/boaj0+v864wILkocRrnFb2NJqKzOJ28YafVqpVXYY9mkfN1lwhfPEPOF4ljTE0q56f5Go4zGE+wHoko67b2sNTuwRkdNGltUeDCtmU3Zjfna/T+vmXpMDFfHWzXcNnTPfjKfxo2whTy+zm+mq8Kr5VxotTCOV3aRxIflJd65v5ygNGeRhSlec0nnY/wjG5OFg56yt9P30xjScwX6i63mdGHL+xaMQVmfIqvpfbMk3J8x2OmC7JUFtt0d68NyyxUMy3Lk502pj2nzBCDJOYLjgH1bP3MAl585d0J26CXOJ/ga7Y1hBjH6s4sFJt3ppBYtTdMl5Y5iFZpQnF7K+MJhFgdtHVI+ULahnJLfj++oj34TkOkWn2+5pZDT6phWo8miu0OK2T6b3qxBMYqLns7sS2QNtEuDFK+3mCAGg+HYvDkC8a/JRvtK7X54rty3C16wobWePNY91FPloqynWcNDX1Ui5QvaDqSRDN58gVNvwYjV12+7HTlP7TXSYuho5Qmysh4lPTcCWyMj9znRTSESfkC7yVrQS/58gVXMP2Ir8mX9TTTR3Wa1Xji7MxsT4q0rRUx1wONkNaXYnQI+bpX7ncQfPmC66O+QD2+7GctLvUxVaApOHxDglxtxxI1joyp8DQWpVnIF9x9Wb1U1+Zf35fw1YMVaHdgtfjqSU49ca/QH9HgRxLxZF8l6Zp8kB3vSTMirIV8TZziisCXr+iYOhpRi68x7cVMd0KGLi7MEVFseZmSiVrQZHTFSZJURegnvUoGxLkgCVUX8gWlrUYz5fDm6wD40u4V6/BFpWGmdsv5fNFnngY0invs8X4xny93lGcYcEIpzsfF+nnzXiSSOb+KtZMpp4sfxLr8H5f82XyR3ATqcOnhR9L1eMtHNMqsXN8mxL2uxtcyxPWqni6LRqe9UyrOYtwu5vhN1WqSj5nJii1rCkvSbyMPG7GjETX4IjqYulq6sMkSh6sSzSFNq+/tbZFMhNMSl0FRtNMWtXt1mJROyqna5YShCVZH35D0vy9fUP7rTDe1+MKDPu0DqTciVALr3ht5BPqLyLFrQwfkAdaYBkRpoIdTY1A9U2ixtVLIF1LfJMchfflCAlergPrzRXsXteMdn0ADArGBZCXWRXAjrgKROgetn9xjlMABumRkwrLS/TKwP4hONvryBTtCbz/x5wt/OSmAJxjQt7EQJbo+HgJxoi/kSFJB5jZtWZ+qNdB3JeULHk7QHJhk8OULiO2UWg4+4M/XFk8U7LJrGnqebKSoSYj8ZtkThK/0aNPJnglfRJ5QQwlS6aV8wR8xBmHru0PCFwzNNsRIefM1sE0UpJA2oBKFnYfUTEgEYinI6KqT9C3B5USloOOTiksU0iLlCwqC7MnWTR/w5AsOar264c8XFjvMSogX/aqRUzvLeJ9VLW5E3zgr6CY1ekbnDzUFb2gQNfglKV+wEknCDE++0PJ1I/8XEWz0y5b6x2RdoyxjwXdVOI7M7qXUSu/VpFtrpl4xgQgkeS3/15urq7z5gt1wK//XAW+W+vs+xP6I5V65TpFqjrhUv4/3bZXqpcu5pNQfXZgLfZV5f9kEBAr5d/F/7W/v/6J6cYpBPrxcNGlMv7VUeiwro318aaTacts1DjTTrC50AYMKh5SvDPi/9OMfw5cvNH9v4v/S2OgsqD5K5ueomlpVd6c3uKfqQMXdltjCxhHFHr8BHY5CvpD54d/wf4kcgtefu5wEYHtZO658MRtTiYya2MmI0DiR6Qx8vz76uf4vl0ef9OruoxRT9OwAa8+bsaTawg0rk3bcXEQ2aCk4tVPH3iuJMP56/xe1IthR8mWcJnpAXYFug0FboeeFeso06jCxL8IN2rfxpzxdtbnb+FPs8RQUJV96vcEIpNuZA25SQBidwRppQnzVcMP8bfi6uf/Lj69y/ZLEe8D+QlWypJAV0qtQYnzx+UX58p9f/6D/y5Ovi37oO79wnXNjvK6qmsvkIf9aEsWQAm/az/V/8dOgNpT7L7/1i5mmpy/GGO5y68z0DR59S5zVMNa0jv9LYN74Bv6vRz++Lr3mpx9qGjHc66O/s0rJo/o8T/54IPsvsOGV7pf3/5z/i+6/tJdbXXGZ0/d+pXQnVUZP2sj7qhsoG/wMOG0DqOU7+r/0R2I/ad9QD/z2OIhS0SOnPVf2UvqtzWSjC3Qqe51IOx79SC0zdeyHyP8lSN/qyRdcbDQGmgK+fJF1QpISs8AOSbO6WYKn/KRQteulAf1s+NOdI+xAKV9oHRZMME++4Kg2HLD0tvdiOx006thAdGnB0Sk9Ou90ipX7IEYHVejptqCO/wt9vcAB5scXaqHBfuLNF/lsiRSPmFr5iQt5mNv/4g6jKij7Eup/ruNfxuYxd7ZCL75QH5nM/5/0L9tSsUCQ3jTl45SAGuJLtTelATV4Q0sNn7XiN4ii61wNfPjCmrfp9U/Gbwjt1FGUkV4WXWagBYlMqz6MyTs8+umFabXio+im2zVaPfjChm3jgPaPj3rCG6E0EV3Uwty/tW/+oKK1HC/Mc4BENd031os/5CGsW+twFfM1JWd3jJkiOF89PaoS9Khelkmu86MWxFi2hDWXzA5IA4UrVqhPNAEuZnaODGvjHvmISIdlam0hQsjXjOq9ZgWajvvMtId9KhljZ3xSTcaN2XJHRsiB2ifUhqkq0/YLkZN5xf02/nXiJr6qmuw0kao8yPfs3qda8fMFeglZJxNlXhJEfDW3bF9p1uLst4jBn6iWA24vV2r8WErF3rT7UNyclJAGcseZUnfzqtcG3fbqWJRCdr9iVqZKbUaVzB0QwQHiNPhhsTJqYEgTgtLTxz759LiHPTFqTyK+NP1ptk3K+arCWXUhHAVBh93L7tAv5uI5OJSqFDQgunEemmqbl3raq/LAH9ZjL7Ivf287Xs5H8+Udu4UJRNnyb8nUdrVYabKtkKzGXvkq2VH7W+erVBYlogZfhjJxmmUZUKppKKneUnwulV0DpLAecA2rSj+kMnOsQFl0r4nqSTUHP7mxxy8fLPOgGrf/snywZKVIjMn0onp8UeVcD2bBs2ZmuNYD1E13mA7We6XBCintYM/82NTIYvRdivgi0XxJZosMqcWXzF1Mv0KSHgBrsu5gLKL3mq8Rx6Vo3/nmn98JtW8JX2SHkBhTA51Riy9L1JLtK2TJMYDNwHl+nOm9NHW1vgq2nHvf74AHhtFUL+GLnB042ONC6vHlyLNwKaFJPuMuBXfsbA9AwDN/DyxJrap2cbOf/30cb6KLoCR8odBngxflipp8ScppMvYIsgWBb+cKOn2V98GAqe7sQzRW2hr33eBUbYaThAK+ZpLfuaIuX9GDczUCp/UqdC3p2cqKqr2iIzY11S4bTVt+sKKQjos690nBNcE0wQR8weklyKhYm69ocnQV1e3SB8bQmapUFRfE0rLg9xKDHexkS/R31Noi6vCFYhwMhl83X2j1EtjO6/NlSi9aIt/kajt0pNsQwVKVTBg8mytQamX0eXa3esZiZXKA1LoPEXni9OZQJ19IGhqOLCNIFIeP+jRiv7lQ+h4trJAbYzLiNkvGe2lvXuplDmnorLQV5D+/MabuLTDa8mL5SDiZVGWa6EXEFzlkqPvcewdfHVSxxMnU7DtilUrs9bu4x/Mt65UNNP2wFx9aQ6ta2j2lsFScFZYp1R+PWIf2HsfnCrLyzeKv9zenD6dbMK0u57XS5DwSzE0a4m99kYUrYPVV19tgw68bAziHuSxKojeQwfxbk/bpT5Woaff8Op9IQss7o9Z6fymVvG9abXOK+M5osTmUboLn5VDkcMtlTXu1+yi03bwO7cdJmuhbZb9P9SG15gWvb6TsEpveiUSNCRLM3hDQR+ZR6l5cqtbv58VqlRKBnBpNVItqWPC8CY7IaL7ROzgEt/kGfArMU5GL6tfRsAL2lajjW/lg9HbH77jRJ3AIuCF4Wlzk7z1ii04KHnFHg3vvFfBp2H0Oai4+CJwd3ZUFfB59m/kre3fs+SvEwjjOgE+iaTUwq5ksn4L9jtGAG2KQWGZY8uJM1F/AcYdvwC1B7s4mE2wU2e3PZ1Ydd2QH3BZjixk1p6LvIEztRJfPBdwMI7OXqLhhZGcjLPnLZo2AHPcrI2OxGhaODCNbd0Ex/Ap0xvzqg1LetaKB9mm+f7YFcwf8rxi8HYBLABEWz6LBww48jc8eg+MizK0vxWC0GD/pnFFnV0tzuBzvktJj0JpbPXgBAQEBAQEBAQEBAQG/Ff8B45HPrqeTVf8AAAAASUVORK5CYII=",,,https://www.youtube.com/watch?v=vdsA1v512jk,
14,13,37,마이노멀,키토제닉과 저당이라는 컨셉을 통한 건강식품 업체,,,170000000,Series A,,,,,,5000000,2700,"data:image/png;base64,iVBORw0KGgoAAAANSUhEUgAAATYAAACjCAMAAAA3vsLfAAAAkFBMVEX///8AAAAjGBULAAAPAABKQ0EYBwDz8vKopaVvamkgFREVAAAdEAwSAADg396vray4trWWk5NFPjzx8PC+vLxqZWQ/NzXRz8/q6en5+fkeEg5RS0na2dlXUVCPjIt8eHfHxsU4MC5eWVignZyDf34pHxx1cXAzKic/ODZiXVzMy8qcmZiBfn0sIiA1LSprZ2UtJxbsAAAIqUlEQVR4nO2caZeiOhCGqwiCsigoKrggbrj09v//3a0KUXTuvd09M91HG+v5oBADhvdUkkpSAUAQBEEQBEEQBEEQBEEQBEEQBEEQBEEQBEEQBEEQBEEQBEH4LIMZf66PkOV5voZs3YuS7NaFul/Giau/28if2xgG+JzHkOJ06qSQKJx3we2KgGeyYwrZa7BEbWeJlq2fk2BFmsIMUz7H2H3OoUDcDWfZ4JalvQ/SxRIxgk0fYPHCCWNkq5uybIgrOkU8ACxf2lqs/TCfASaQdW9a6luSFRuVDcoNm1c/BjIsVqb6PGxIti5kZGAu2Rxk8ZbEBVYMYNiBlhpA9IA1NqW2K1wUfETywHB4EizFp6ceK9PldIjwad2DI/28mpu8kDirrUvZH8/iDh2A1zVE3JyxGRUYded9/iVT/UMMUQ/cNtfW8aYcLmEwwlaVjS0sw1f6Wjucvb1+lJYu64+73NDniFuuc/MFffQQ396rdLOEu4bY5+NUdx79DR9vHWwdv73Id8EyL0vgxp96UBIjtj5/qe5WI24NXRzrewyyePwtpbw72r6q2veyhWRpv92yp2yjkZZtgypPv7yA98kAFzF2MjjM23/+yMUQqU/A3vjwIHWUvLIFFH7+17cpqIsoZ19Qnh9CD7/qTuMSv+xed0/2lY5q8YX3EgRBEARBEARBEB4PNz1Tz3G7g4FreMDFls8wxZrzFNxFmrpl4e6X3EJL42H/bG5T9KpEW81vWbh7Jqp0Cy9nHVNH66b+fkKzuQwdNrbdVdohoLTJ7n+uEIjYZsvCqzluXUudzq2K9BMg2YJfNOrhxBPZ3ie2Pa6TeLHI3ndar57I9i6xrY7ULdjxOaWLKtqJbO8T2wjTwPKCc8rG9mErsr0PyZYVZG56vV6Ddg5WJVuyGmpWM0gPfHAobljUe4Jkc2E7sYK+SYh4wGBky9HRkKZHPvQxfvdmj4OWra1qH6QV0tjAyEadqnZP2BKpBZw4xQ1Leldo2TJFMpX6vItY1LJBQrqZdq8f4KNEy3yMlg02IdmUDhnf2CzSWTYoffpFy6Wwfbti3huVbCn7IE987iv+qmVzacjgsyH2cHvDYt4blWxwcKq6SB0CO761bBBzu9cFeMHeDYt5bxjZxuyDJABT9capF7KBT8dvUODL7Qp5fxjZYB9YQYs7BB1aeikb96aYTmvHTqhli7Q4uVrq1EvZYDexJvtQjO2Sk2zgsA+yMw3YlWw8iJjoDR3CibNsPPHmTFS16nI9JqUxa7C8SenuloVvdrUMeEDgP+vjjCQMpuc8M7SwuEHZ7peZ7Z3MqnQqTwPMlC/WoeCHsP9fFz8qvQPPf4c7vceAbEpbWBa3lF6XwaHx1AY2Frcr5P3xcloQLfisFWono3uxUFplW6jWzYp4j8wSg+4IxvODTo3OFPqcdHyYrRtfyNyefpxJ+IWjGTl8jISMXDAKPxfTMFP7by7Jt1Nsl8zuKh5hNNqP9v1+//c81wjxU/ur2uj8eC+FnjWYELiu0zJEJwgCB82w4JPMcfWJXMcW8lTAT2fQNr7XxSRZdhzRKGlU/JZqZEaf2Bu/x8BqgmwAa6NbcZE2QE99yx535JFZI2Qjp3+iI9cuW6al803NNk/KNUK2Lk76ttbtYr1p5HzXoz37TZFNJbmuO05dL79PNmpLmyJbD964gQt2Zz/0A9n+wl9tlGwwDznC7/w878rmTp/+/O+aJRsJxcHLJ9erlq0o957V2lz0F5Fih24wPvknbX7VTDZOTiOrWXE1xnKLdRz3zvbZMNncLQfiqipSgSP+qh9HHD4fBCEejErHPvpD/UoaPd2RtS1c8vs+iC07bk8+HdnnBYVkTtfbNoan/oZla8KI38gGqWI/BPUrdk6yjdHBsve0o5bPd/jBeyPyV7GAFfUhzhySDirP36QW2uzG+jBYYujU3ky21LNx9Jv9bP6uabLRAUcwo263KtlcnCj9/DF7Wx77eGySCEMkiZ3VAHWLuPFxGnPjaOcW7jYdltTUdn/UI7XnQV0xGycbh1idhlmVbIvQNo3/mn5SG8hib2I5ZRtf9rZHlTTmMGjLxwK0Nlaoo2Zi2/Ls6jrzYkZVh8U1TzazZwMLI1uG1vkdbCted6F2PQ09Z4MlT4Bzw+8G3qlG6ti3go90wMPlgHatmmxtlVFpGbRsBdaB4V0T+6G3cLzSt3kDZelYYRU5SXqYZUCWTV3K9hTWUrFsTdhrdCkb5JVugxbLRk9Yv/GP6qCOEh86lrqIX9v4ll1NOlHusJq2u5YtXfMC11mqRsoGpR4uLEdcqZ5sqw5NYGPiXpZlu8j/kWzJlByTN+oSVvV9GigbrLhz9DyWjZokE3EKWgutSudf1qb+XzZ2+3YJ13bnYC5oqGzUrFlmTiy5bNqpcdP5fpUtPJ3Wsh1Pso0xQE6iGzlDc0FTZct2gZHNpccPNyZ5bLrVznUlza9ki09ZtWyZ8iqFWLZTgE1TZJuhug5RHjgTM5XImyFPK8Z5GOiZy7eP27ajsVJSqxKSHLlzbW+KbJsw+GUliYcLWrYU2SvTuo3RHPQDy1nUeamD9atTsjujTaSqoHFSaLJ0IS05+H7nuj327xZ+A3agukWHx5vT6GonAWlUuac9rVsnSp5JNTYllwObaQBm3LlML+DYBR12LcrqsDDpkkdeNPRnqwvUC+JLwPGCyOM27VH/+P3OPUSfUHi4Sk7QLAFHGHqWgxj6eqxK2atNQtWIPzmf8uqnXiTswBx9OgpsOtzbZGYOrmBF6k6U3+X1xSCYkIQ/W7jZ4vl5QZS/xClHHbNpKn2uQopK7feOh2X5xhx0/tnqoFkNoZiviPl0Dfl0TkynrRzcA13ZItcvG5LJxRkUuz4xWi53fzHR+UPozmZ//HbwLD3NT0rchyAIgiAIgiAIgiAIgiAIgiAIgiAIgiAIgiAIgiAIgiAIgiAIgiAIwq34By+jfxWWO5DsAAAAAElFTkSuQmCC",,,https://www.youtube.com/watch?v=YYl1-T3wiDE,